"pcon_code","pcon_name","member_id","full_title","display_as","party_text","member_email","election_result_summary_2024"
"E14001440","Redcar","4449","Anna Turley MP","Anna Turley","Labour (Co-op)","anna.turley.mp@parliament.uk","Lab gain from Con"
"E14001368","Middlesbrough South and East Cleveland","5147","Luke Myer MP","Luke Myer","Labour","luke.myer.mp@parliament.uk","Lab gain from Con"
"E14001564","Warrington North","4799","Charlotte Nichols MP","Charlotte Nichols","Labour","charlotte.nichols.mp@parliament.uk","Lab hold"
"E14001565","Warrington South","5154","Sarah Hall MP","Sarah Hall","Labour (Co-op)","sarah.hall.mp@parliament.uk","Lab hold"
"E14001539","Tatton","4084","Rt Hon Esther McVey MP","Esther McVey","Conservative","esther.mcvey.mp@parliament.uk","Con hold"
"E14001455","Runcorn and Helsby","5403","Sarah Pochin MP","Sarah Pochin","Reform UK","sarah.pochin.mp@parliament.uk","Lab hold"
"E14001584","Widnes and Halewood","429","Derek Twigg MP","Derek Twigg","Labour","derek.twigg.mp@parliament.uk","Lab hold"
"E14001190","Darlington","5037","Lola McEvoy MP","Lola McEvoy","Labour","lola.mcevoy.mp@parliament.uk","Lab gain from Con"
"E14001519","Stockton West","4844","Matt Vickers MP","Matt Vickers","Conservative","matt.vickers.mp@parliament.uk","Con hold"
"E14001128","Brigg and Immingham","3957","Martin Vickers MP","Martin Vickers","Conservative","martin.vickers.mp@parliament.uk","Con hold"
"E14001255","Great Grimsby and Cleethorpes","4464","Melanie Onn MP","Melanie Onn","Labour","melanie.onn.mp@parliament.uk","Lab gain from Con"
"E14001250","Goole and Pocklington","373","Rt Hon David Davis MP","David Davis","Conservative","david.davis.mp@parliament.uk","Con hold"
"E14001127","Bridlington and the Wolds","5169","Charlie Dewhirst MP","Charlie Dewhirst","Conservative","charlie.dewhirst.mp@parliament.uk","Con hold"
"E14001315","Kingston upon Hull West and Haltemprice","4645","Emma Hardy MP","Emma Hardy","Labour","emma.hardy.mp@parliament.uk","Lab gain from Con"
"E14001087","Beverley and Holderness","1482","Rt Hon Graham Stuart MP","Graham Stuart","Conservative","grahamstuartmp@parliament.uk","Con hold"
"E14001314","Kingston upon Hull North and Cottingham","1533","Rt Hon Dame Diana Johnson MP","Dame Diana Johnson","Labour","johnsond@parliament.uk","Lab hold"
"E14001313","Kingston upon Hull East","4030","Karl Turner MP","Karl Turner","Labour","karl.turner.mp@parliament.uk","Lab hold"
"E14001367","Middlesbrough and Thornaby East","4269","Andy McDonald MP","Andy McDonald","Labour","andy.mcdonald.2nd@parliament.uk","Lab hold"
"E14001272","Hartlepool","5045","Mr Jonathan Brash MP","Mr Jonathan Brash","Labour","jonathan.brash.mp@parliament.uk","Lab hold"
"E14001518","Stockton North","5116","Chris McDonald MP","Chris McDonald","Labour","chris.mcdonald.mp@parliament.uk","Lab hold"
"E14001411","Nottingham North and Kimberley","4641","Alex Norris MP","Alex Norris","Labour (Co-op)","alex.norris.mp@parliament.uk","Lab hold"
"E14001412","Nottingham South","4029","Lilian Greenwood MP","Lilian Greenwood","Labour","lilian.greenwood.mp@parliament.uk","Lab hold"
"E14001410","Nottingham East","4869","Nadia Whittome MP","Nadia Whittome","Labour","nadia.whittome.mp@parliament.uk","Lab hold"
"E14001458","Rutland and Stamford","4805","Alicia Kearns MP","Alicia Kearns","Conservative","alicia.kearns.mp@parliament.uk","Con hold"
"E14001194","Derby South","5176","Baggy Shanker MP","Baggy Shanker","Labour (Co-op)","baggy.shanker.mp@parliament.uk","Lab hold"
"E14001362","Mid Derbyshire","5256","Jonathan Davies MP","Jonathan Davies","Labour","jonathan.davies.mp@parliament.uk","Lab gain from Con"
"E14001193","Derby North","5143","Catherine Atkinson MP","Catherine Atkinson","Labour","catherine.atkinson.mp@parliament.uk","Lab gain from Con"
"E14001605","York Outer","5199","Mr Luke Charters MP","Mr Luke Charters","Labour","luke.charters.mp@parliament.uk","Lab gain from Con"
"E14001604","York Central","4471","Rachael Maskell MP","Rachael Maskell","Independent","rachael.maskell.mp@parliament.uk","Lab hold"
"E14001462","Scunthorpe","4056","Sir Nicholas Dakin MP","Sir Nicholas Dakin","Labour","nic.dakin.mp@parliament.uk","Lab gain from Con"
"E14001199","Doncaster East and the Isle of Axholme","5233","Lee Pitcher MP","Lee Pitcher","Labour","lee.pitcher.mp@parliament.uk","Lab gain from Con"
"E14001327","Leicester South","5120","Shockat Adam MP","Shockat Adam","Independent","shockat.adam.mp@parliament.uk","Ind gain from Lab"
"E14001328","Leicester West","4026","Rt Hon Liz Kendall MP","Liz Kendall","Labour","liz.kendall.mp@parliament.uk","Lab hold"
"E14001326","Leicester East","5068","Shivani Raja MP","Shivani Raja","Conservative","shivani.raja.mp@parliament.uk","Con gain from Lab"
"E14001105","Blackpool South","5025","Chris Webb MP","Chris Webb","Labour","chris.webb.mp@parliament.uk","Lab gain from Con"
"E14001104","Blackpool North and Fleetwood","5232","Lorraine Beavers MP","Lorraine Beavers","Labour","lorraine.beavers.mp@parliament.uk","Lab gain from Con"
"E14001450","Rossendale and Darwen","5134","Andy MacNae MP","Andy MacNae","Labour","andy.macnae.mp@parliament.uk","Lab gain from Con"
"E14001102","Blackburn","5231","Mr Adnan Hussain MP","Mr Adnan Hussain","Independent","adnan.hussain.mp@parliament.uk","Ind gain from Lab"
"E14001395","North Herefordshire","5249","Ellie Chowns MP","Ellie Chowns","Green Party","ellie.chowns.mp@parliament.uk","Green gain from Con"
"E14001281","Hereford and South Herefordshire","3991","Rt Hon Jesse Norman MP","Jesse Norman","Conservative","jesse.norman.mp@parliament.uk","Con hold"
"E14001426","Plymouth Moor View","5174","Fred Thomas MP","Fred Thomas","Labour","fred.thomas.mp@parliament.uk","Lab gain from Con"
"E14001427","Plymouth Sutton and Devonport","4682","Luke Pollard MP","Luke Pollard","Labour (Co-op)","luke.pollard.mp@parliament.uk","Lab hold"
"E14001545","Thornbury and Yate","5140","Claire Young MP","Claire Young","Liberal Democrat","claire.young.mp@parliament.uk","LD gain from Con"
"E14001133","Bristol North East","5010","Damien Egan MP","Damien Egan","Labour","damien.egan.mp@parliament.uk","Lab hold"
"E14001237","Filton and Bradley Stoke","5306","Claire Hazelgrove MP","Claire Hazelgrove","Labour","claire.hazelgrove.mp@parliament.uk","Lab gain from Con"
"E14001394","North East Somerset and Hanham","221","Dan Norris MP","Dan Norris","Independent","dan.norris.mp@parliament.uk","Lab gain from Con"
"E14001572","Wells and Mendip Hills","4089","Tessa Munt MP","Tessa Munt","Liberal Democrat","tessa.munt.mp@parliament.uk","LD gain from Con"
"E14001399","North Somerset","5312","Sadik Al-Hassan MP","Sadik Al-Hassan","Labour","sadik.alhassan.mp@parliament.uk","Lab gain from Con"
"E14001541","Telford","5041","Shaun Davies MP","Shaun Davies","Labour","shaun.davies.mp@parliament.uk","Lab gain from Con"
"E14001543","The Wrekin","1576","Rt Hon Mark Pritchard MP","Mark Pritchard","Conservative","mark.pritchard.mp@parliament.uk","Con hold"
"E14001581","Weston-super-Mare","5172","Dan Aldridge MP","Dan Aldridge","Labour","daniel.aldridge.mp@parliament.uk","Lab gain from Con"
"E14001135","Bristol South","4444","Karin Smyth MP","Karin Smyth","Labour","karin.smyth.mp@parliament.uk","Lab hold"
"E14001132","Bristol East","1491","Kerry McCarthy MP","Kerry McCarthy","Labour","kerry.mccarthy.mp@parliament.uk","Lab hold"
"E14001131","Bristol Central","5102","Carla Denyer MP","Carla Denyer","Green Party","carla.denyer.mp@parliament.uk","Green gain from Lab"
"E14001134","Bristol North West","4621","Rt Hon Darren Jones MP","Darren Jones","Labour","darren.jones.mp@parliament.uk","Lab hold"
"E14001080","Bath","4602","Wera Hobhouse MP","Wera Hobhouse","Liberal Democrat","wera.hobhouse.mp@parliament.uk","LD hold"
"E14001241","Frome and East Somerset","5286","Anna Sabine MP","Anna Sabine","Liberal Democrat","anna.sabine.mp@parliament.uk","LD gain from Con"
"E14001521","Stoke-on-Trent North","5151","David Williams MP","David Williams","Labour","david.williams.mp@parliament.uk","Lab gain from Con"
"E14001520","Stoke-on-Trent Central","4595","Gareth Snell MP","Gareth Snell","Labour (Co-op)","gareth.snell.mp@parliament.uk","Lab gain from Con"
"E14001425","Peterborough","5243","Andrew Pakes MP","Andrew Pakes","Labour (Co-op)","andrew.pakes.mp@parliament.uk","Lab gain from Con"
"E14001401","North West Cambridgeshire","5308","Sam Carling MP","Sam Carling","Labour","sam.carling.mp@parliament.uk","Lab gain from Con"
"E14001536","Swindon North","5035","Will Stone MP","Will Stone","Labour","will.stone.mp@parliament.uk","Lab gain from Con"
"E14001217","East Wiltshire","4858","Danny Kruger MP","Danny Kruger","Conservative","danny.kruger.mp@parliament.uk","Con hold"
"E14001537","Swindon South","4038","Rt Hon Heidi Alexander MP","Heidi Alexander","Labour","heidi.alexander.mp@parliament.uk","Lab gain from Con"
"E14001551","Torbay","5066","Steve Darling MP","Steve Darling","Liberal Democrat","steve.darling.mp@parliament.uk","LD gain from Con"
"E14001484","South Devon","5216","Caroline Voaden MP","Caroline Voaden","Liberal Democrat","caroline.voaden.mp@parliament.uk","LD gain from Con"
"E14001495","South West Devon","5301","Rebecca Smith MP","Rebecca Smith","Conservative","rebecca.smith.mp@parliament.uk","Con hold"
"E14001501","Southend East and Rochford","5097","Mr Bayo Alaba MP","Mr Bayo Alaba","Labour","bayo.alaba.mp@parliament.uk","Lab gain from Con"
"E14001502","Southend West and Leigh","5106","David Burton-Sampson MP","David Burton-Sampson","Labour","david.burtonsampson.mp@parliament.uk","Lab gain from Con"
"E14001346","Luton South and South Bedfordshire","4873","Rachel Hopkins MP","Rachel Hopkins","Labour","rachel.hopkins.mp@parliament.uk","Lab hold"
"E14001345","Luton North","4777","Sarah Owen MP","Sarah Owen","Labour","sarah.owen.mp@parliament.uk","Lab hold"
"E14001447","Rochester and Strood","5298","Lauren Edwards MP","Lauren Edwards","Labour","lauren.edwards.mp@parliament.uk","Lab gain from Con"
"E14001157","Chatham and Aylesford","5220","Tristan Osborne MP","Tristan Osborne","Labour","tristan.osborne.mp@parliament.uk","Lab gain from Con"
"E14001246","Gillingham and Rainham","5215","Naushabah Khan MP","Naushabah Khan","Labour","naushabah.khan.mp@parliament.uk","Lab gain from Con"
"E14001546","Thurrock","5056","Jen Craft MP","Jen Craft","Labour","jen.craft.mp@parliament.uk","Lab gain from Con"
"E14001480","South Basildon and East Thurrock","5361","James McMurdock MP","James McMurdock","Independent","james.mcmurdock.mp@parliament.uk","RUK gain from Con"
"E14001522","Stoke-on-Trent South","5334","Dr Allison Gardner MP","Dr Allison Gardner","Labour","allison.gardner.mp@parliament.uk","Lab gain from Con"
"E14001348","Maidenhead","5343","Mr Joshua Reynolds MP","Mr Joshua Reynolds","Liberal Democrat","joshua.reynolds.mp@parliament.uk","LD gain from Con"
"E14001588","Windsor","5340","Jack Rankin MP","Jack Rankin","Conservative","jack.rankin.mp@parliament.uk","Con hold"
"E14001178","Congleton","5324","Sarah Russell MP","Sarah Russell","Labour","sarah.russell.mp@parliament.uk","Lab gain from Con"
"E14001185","Crewe and Nantwich","5273","Connor Naismith MP","Connor Naismith","Labour","connor.naismith.mp@parliament.uk","Lab gain from Con"
"E14001361","Mid Cheshire","5195","Andrew Cooper MP","Andrew Cooper","Labour","andrew.cooper.mp@parliament.uk","Lab gain from Con"
"E14001347","Macclesfield","5287","Tim Roca MP","Tim Roca","Labour","tim.roca.mp@parliament.uk","Lab gain from Con"
"E14001164","Chester South and Eddisbury","5241","Aphra Brandreth MP","Aphra Brandreth","Conservative","aphra.brandreth.mp@parliament.uk","Con hold"
"E14001101","Bishop Auckland","5108","Sam Rushworth MP","Sam Rushworth","Labour","sam.rushworth.mp@parliament.uk","Lab gain from Con"
"E14001211","Easington","3973","Grahame Morris MP","Grahame Morris","Labour","grahame.morris.mp@parliament.uk","Lab hold"
"E14001173","City of Durham","4753","Mary Kelly Foy MP","Mary Kelly Foy","Labour","mary.foy.mp@parliament.uk","Lab hold"
"E14001477","Slough","4638","Mr Tanmanjeet Singh Dhesi MP","Mr Tanmanjeet Singh Dhesi","Labour","tan.dhesi.mp@parliament.uk","Lab hold"
"E14001210","Earley and Woodley","5267","Yuan Yang MP","Yuan Yang","Labour","yuan.yang.mp@parliament.uk","Lab gain from Con"
"E14001439","Reading West and Mid Berkshire","5337","Olivia Bailey MP","Olivia Bailey","Labour","olivia.bailey.mp@parliament.uk","Lab gain from Con"
"E14001438","Reading Central","4654","Matt Rodda MP","Matt Rodda","Labour","matt.rodda.mp@parliament.uk","Lab hold"
"E14001296","Hove and Portslade","4505","Rt Hon Peter Kyle MP","Peter Kyle","Labour","peter.kyle.mp@parliament.uk","Lab hold"
"E14001369","Milton Keynes Central","5139","Emily Darlington MP","Emily Darlington","Labour","emily.darlington.mp@parliament.uk","Lab gain from Con"
"E14001370","Milton Keynes North","5118","Chris Curtis MP","Chris Curtis","Labour","chris.curtis.mp@parliament.uk","Lab gain from Con"
"E14001141","Buckingham and Bletchley","5193","Callum Anderson MP","Callum Anderson","Labour","callum.anderson.mp@parliament.uk","Lab gain from Con"
"E14001593","Wokingham","5207","Clive Jones MP","Clive Jones","Liberal Democrat","clive.jones.mp@parliament.uk","LD gain from Con"
"E14001382","Newton Aycliffe and Spennymoor","5080","Alan Strickland MP","Alan Strickland","Labour","alan.strickland.mp@parliament.uk","Lab gain from Con"
"E14001389","North Durham","5112","Luke Akehurst MP","Luke Akehurst","Labour","luke.akehurst.mp@parliament.uk","Lab hold"
"E14001376","Newbury","5310","Mr Lee Dillon MP","Mr Lee Dillon","Liberal Democrat","lee.dillon.mp@parliament.uk","LD gain from Con"
"E14001117","Bracknell","5165","Peter Swallow MP","Peter Swallow","Labour","peter.swallow.mp@parliament.uk","Lab gain from Con"
"E14001129","Brighton Kemptown and Peacehaven","5276","Chris Ward MP","Chris Ward","Labour","chris.ward.mp@parliament.uk","Lab hold"
"E14001130","Brighton Pavilion","5314","Siân Berry MP","Siân Berry","Green Party","sian.berry.mp@parliament.uk","Green hold"
"E14001304","Isle of Wight West","5144","Mr Richard Quigley MP","Mr Richard Quigley","Labour","richard.quigley.mp@parliament.uk","Lab gain from Con"
"E14001303","Isle of Wight East","5255","Joe Robertson MP","Joe Robertson","Conservative","joe.robertson.mp@parliament.uk","Con hold"
"E14001499","Southampton Itchen","5270","Darren Paffey MP","Darren Paffey","Labour","darren.paffey.mp@parliament.uk","Lab gain from Con"
"E14001500","Southampton Test","5271","Satvir Kaur MP","Satvir Kaur","Labour","satvir.kaur.mp@parliament.uk","Lab hold"
"E14001449","Romsey and Southampton North","4048","Rt Hon Caroline Nokes MP","Caroline Nokes","Conservative","caroline.nokes.mp@parliament.uk","Con hold"
"E14001222","Ellesmere Port and Bromborough","4418","Justin Madders MP","Justin Madders","Labour","justin.madders.mp@parliament.uk","Lab hold"
"E14001163","Chester North and Neston","4976","Samantha Dixon MP","Samantha Dixon","Labour","samantha.dixon.mp@parliament.uk","Lab hold"
"E14001432","Portsmouth South","4653","Stephen Morgan MP","Stephen Morgan","Labour","stephen.morgan.mp@parliament.uk","Lab hold"
"E14001431","Portsmouth North","5294","Amanda Martin MP","Amanda Martin","Labour","amanda.martin.mp@parliament.uk","Lab gain from Con"
"E14001106","Blaydon and Consett","4618","Liz Twist MP","Liz Twist","Labour","liz.twist.mp@parliament.uk","Lab hold"
"E14001356","Melksham and Devizes","5214","Brian Mathew MP","Brian Mathew","Liberal Democrat","brian.mathew.mp@parliament.uk","LD gain from Con"
"E14001460","Salisbury","4051","Rt Hon John Glen MP","John Glen","Conservative","john.glen.mp@parliament.uk","Con hold"
"E14001498","South West Wiltshire","1466","Rt Hon Dr Andrew Murrison MP","Dr Andrew Murrison","Conservative","murrisona@parliament.uk","Con hold"
"E14001482","South Cotswolds","5352","Dr Roz Savage MP","Dr Roz Savage","Liberal Democrat","roz.savage.mp@parliament.uk","LD gain from Con"
"E14001168","Chippenham","5239","Sarah Gibson MP","Sarah Gibson","Liberal Democrat","sarah.gibson.mp@parliament.uk","LD gain from Con"
"E14001486","South East Cornwall","5353","Anna Gelderd MP","Anna Gelderd","Labour","anna.gelderd.mp@parliament.uk","Lab gain from Con"
"E14001511","St Ives","227","Andrew George MP","Andrew George","Liberal Democrat","andrew.george.mp@parliament.uk","LD gain from Con"
"E14001473","Shrewsbury","5171","Julia Buckley MP","Julia Buckley","Labour","julia.buckley.mp@parliament.uk","Lab gain from Con"
"E14001398","North Shropshire","4934","Helen Morgan MP","Helen Morgan","Liberal Democrat","helen.morgan.mp@parliament.uk","LD gain from Con"
"E14001384","North Bedfordshire","3912","Richard Fuller MP","Richard Fuller","Conservative","richard.fuller.mp@parliament.uk","Con hold"
"E14001493","South Shropshire","4742","Stuart Anderson MP","Stuart Anderson","Conservative","stuart.anderson.mp@parliament.uk","Con hold"
"E14001359","Mid Bedfordshire","5100","Blake Stephenson MP","Blake Stephenson","Conservative","blake.stephenson.mp@parliament.uk","Con hold"
"E14001289","Hitchin","5000","Alistair Strathern MP","Alistair Strathern","Labour","alistair.strathern.mp@parliament.uk","Lab gain from Con"
"E14001148","Camborne and Redruth","5208","Perran Moon MP","Perran Moon","Labour","perran.moon.mp@parliament.uk","Lab gain from Con"
"E14001554","Truro and Falmouth","5279","Jayne Kirkham MP","Jayne Kirkham","Labour (Co-op)","jayne.kirkham.mp@parliament.uk","Lab gain from Con"
"E14001508","St Austell and Newquay","5302","Noah Law MP","Noah Law","Labour","noah.law.mp@parliament.uk","Lab gain from Con"
"E14001385","North Cornwall","5350","Ben Maguire MP","Ben Maguire","Liberal Democrat","ben.maguire.mp@parliament.uk","LD gain from Con"
"E14001107","Blyth and Ashington","4139","Ian Lavery MP","Ian Lavery","Labour","ian.lavery.mp@parliament.uk","Lab hold"
"E14001285","Hexham","5081","Joe Morris MP","Joe Morris","Labour","joe.morris.mp@parliament.uk","Lab gain from Con"
"E14001397","North Northumberland","5218","David Smith MP","David Smith","Labour","david.smith.mp@parliament.uk","Lab gain from Con"
"E14001206","Dunstable and Leighton Buzzard","5141","Alex Mayer MP","Alex Mayer","Labour","alex.mayer.mp@parliament.uk","Lab gain from Con"
"E14001183","Cramlington and Killingworth","5029","Emma Foody MP","Emma Foody","Labour (Co-op)","emma.foody.mp@parliament.uk","Lab hold"
"E14001116","Bournemouth West","5202","Jessica Toale MP","Jessica Toale","Labour","jessica.toale.mp@parliament.uk","Lab gain from Con"
"E14001084","Bedford","4598","Mohammad Yasin MP","Mohammad Yasin","Labour","mohammad.yasin.mp@parliament.uk","Lab hold"
"E14001152","Carlisle","5094","Ms Julie Minns MP","Ms Julie Minns","Labour","julie.minns.mp@parliament.uk","Lab gain from Con"
"E14001424","Penrith and Solway","5124","Markus Campbell-Savours MP","Markus Campbell-Savours","Labour","markus.campbellsavours.mp@parliament.uk","Lab gain from Con"
"E14001583","Whitehaven and Workington","5033","Josh MacAlister MP","Josh MacAlister","Labour","josh.macalister.mp@parliament.uk","Lab gain from Con"
"E14001363","Mid Dorset and North Poole","5327","Vikki Slade MP","Vikki Slade","Liberal Democrat","vikki.slade.mp@parliament.uk","LD gain from Con"
"E14001115","Bournemouth East","5210","Tom Hayes MP","Tom Hayes","Labour","tom.hayes.mp@parliament.uk","Lab gain from Con"
"E14001388","North Dorset","4494","Simon Hoare MP","Simon Hoare","Conservative","simon.hoare.mp@parliament.uk","Con hold"
"E14001444","Richmond and Northallerton","4483","Rt Hon Rishi Sunak MP","Rishi Sunak","Conservative","rishi.sunak.mp@parliament.uk","Con hold"
"E14001464","Selby","4993","Keir Mather MP","Keir Mather","Labour","keir.mather.mp@parliament.uk","Lab gain from Con"
"E14001544","Thirsk and Malton","4474","Kevin Hollinrake MP","Kevin Hollinrake","Conservative","kevin.hollinrake.mp@parliament.uk","Con hold"
"E14001429","Poole","5359","Neil Duncan-Jordan MP","Neil Duncan-Jordan","Independent","neil.duncanjordan.mp@parliament.uk","Lab gain from Con"
"E14001311","Kettering","5331","Rosie Wrighting MP","Rosie Wrighting","Labour","rosie.wrighting.mp@parliament.uk","Lab gain from Con"
"E14001179","Corby and East Northamptonshire","5315","Lee Barron MP","Lee Barron","Labour","lee.barron.mp@parliament.uk","Lab gain from Con"
"E14001171","Christchurch","242","Sir Christopher Chope MP","Sir Christopher Chope","Conservative","chopec@parliament.uk","Con hold"
"E14001269","Harrogate and Knaresborough","5032","Tom Gordon MP","Tom Gordon","Liberal Democrat","tom.gordon.mp@parliament.uk","LD gain from Con"
"E14001485","South Dorset","5217","Lloyd Hatton MP","Lloyd Hatton","Labour","lloyd.hatton.mp@parliament.uk","Lab gain from Con"
"E14001571","Wellingborough and Rushden","5011","Gen Kitchen MP","Gen Kitchen","Labour","gen.kitchen.mp@parliament.uk","Lab gain from Con"
"E14001475","Skipton and Ripon","4118","Rt Hon Sir Julian Smith MP","Sir Julian Smith","Conservative","julian.smith.mp@parliament.uk","Con hold"
"E14001582","Wetherby and Easingwold","3997","Rt Hon Sir Alec Shelbrooke MP","Sir Alec Shelbrooke","Conservative","alec.shelbrooke.mp@parliament.uk","Con hold"
"E14001461","Scarborough and Whitby","5254","Alison Hume MP","Alison Hume","Labour","alison.hume.mp@parliament.uk","Lab gain from Con"
"E14001575","West Dorset","5326","Edward Morello MP","Edward Morello","Liberal Democrat","edward.morello.mp@parliament.uk","LD gain from Con"
"E14001076","Barrow and Furness","5049","Michelle Scrogham MP","Michelle Scrogham","Labour","michelle.scrogham.mp@parliament.uk","Lab gain from Con"
"E14001126","Bridgwater","5101","Sir Ashley Fox MP","Sir Ashley Fox","Conservative","ashley.fox.mp@parliament.uk","Con hold"
"E14001247","Glastonbury and Somerton","4995","Sarah Dyke MP","Sarah Dyke","Liberal Democrat","sarah.dyke.mp@parliament.uk","LD gain from Con"
"E14001540","Taunton and Wellington","5250","Gideon Amos MP","Gideon Amos","Liberal Democrat","gideon.amos.mp@parliament.uk","LD gain from Con"
"E14001162","Chesham and Amersham","4918","Sarah Green MP","Sarah Green","Liberal Democrat","sarah.green.mp@parliament.uk","LD gain from Con"
"E14001600","Wycombe","4077","Emma Reynolds MP","Emma Reynolds","Labour","emma.reynolds.mp@parliament.uk","Lab gain from Con"
"E14001360","Mid Buckinghamshire","4778","Greg Smith MP","Greg Smith","Conservative","greg.smith.mp@parliament.uk","Con hold"
"E14001082","Beaconsfield","4759","Joy Morrissey MP","Joy Morrissey","Conservative","joy.morrissey.mp@parliament.uk","Con hold"
"E14001071","Aylesbury","5341","Laura Kyrke-Smith MP","Laura Kyrke-Smith","Labour","laura.kyrkesmith.mp@parliament.uk","Lab gain from Con"
"E14001580","Westmorland and Lonsdale","1591","Tim Farron MP","Tim Farron","Liberal Democrat","tim.farron.mp@parliament.uk","LD gain from Con"
"E14001372","Morecambe and Lunesdale","5225","Lizzi Collinge MP","Lizzi Collinge","Labour","lizzi.collinge.mp@parliament.uk","Lab gain from Con"
"E14001490","South Northamptonshire","5355","Sarah Bool MP","Sarah Bool","Conservative","sarah.bool.mp@parliament.uk","Con hold"
"E14001192","Daventry","4032","Rt Hon Stuart Andrew MP","Stuart Andrew","Conservative","stuart.andrew.mp@parliament.uk","Con hold"
"E14001406","Northampton North","5333","Lucy Rigby KC MP","Lucy Rigby","Labour","lucy.rigby.mp@parliament.uk","Lab gain from Con"
"E14001407","Northampton South","5316","Mike Reader MP","Mike Reader","Labour","mike.reader.mp@parliament.uk","Lab gain from Con"
"E14001603","Yeovil","5191","Adam Dance MP","Adam Dance","Liberal Democrat","adam.dance.mp@parliament.uk","LD gain from Con"
"E14001548","Tiverton and Minehead","5252","Rachel Gilmour MP","Rachel Gilmour","Liberal Democrat","rachel.gilmour.mp@parliament.uk","LD gain from Con"
"E14001391","North East Derbyshire","5258","Louise Jones MP","Louise Jones","Labour","louise.jones.mp@parliament.uk","Lab gain from Con"
"E14001109","Bolsover","5053","Natalie Fleet MP","Natalie Fleet","Labour","natalie.fleet.mp@parliament.uk","Lab gain from Con"
"E14001287","High Peak","5115","Jon Pearce MP","Jon Pearce","Labour","jon.pearce.mp@parliament.uk","Lab gain from Con"
"E14001298","Huntingdon","5089","Ben Obese-Jecty MP","Ben Obese-Jecty","Conservative","ben.obesejecty.mp@parliament.uk","Con hold"
"E14001195","Derbyshire Dales","5342","John Whitby MP","John Whitby","Labour","john.whitby.mp@parliament.uk","Lab gain from Con"
"E14001066","Amber Valley","5107","Linsey Farnsworth MP","Linsey Farnsworth","Labour","linsey.farnsworth.mp@parliament.uk","Lab gain from Con"
"E14001155","Central Devon","3935","Rt Hon Sir Mel Stride MP","Sir Mel Stride","Conservative","mel.stride.mp@parliament.uk","Con hold"
"E14001512","St Neots and Mid Cambridgeshire","5096","Ian Sollom MP","Ian Sollom","Liberal Democrat","ian.sollom.mp@parliament.uk","LD gain from Con"
"E14001390","North East Cambridgeshire","4095","Rt Hon Steve Barclay MP","Steve Barclay","Conservative","stephen.barclay.mp@parliament.uk","Con hold"
"E14001224","Ely and East Cambridgeshire","5182","Charlotte Cane MP","Charlotte Cane","Liberal Democrat","charlotte.cane.mp@parliament.uk","LD gain from Con"
"E14001149","Cambridge","4382","Daniel Zeichner MP","Daniel Zeichner","Labour","daniel@danielzeichner.co.uk","Lab hold"
"E14001481","South Cambridgeshire","5078","Pippa Heylings MP","Pippa Heylings","Liberal Democrat","pippa.heylings.mp@parliament.uk","LD gain from Con"
"E14001228","Erewash","5044","Adam Thompson MP","Adam Thompson","Labour","adam.thompson.mp@parliament.uk","Lab gain from Con"
"E14001291","Honiton and Sidmouth","4942","Richard Foord MP","Richard Foord","Liberal Democrat","richard.foord.mp@parliament.uk","LD gain from Con"
"E14001483","South Derbyshire","5150","Samantha Niblett MP","Samantha Niblett","Labour","samantha.niblett.mp@parliament.uk","Lab gain from Con"
"E14001387","North Devon","5138","Ian Roome MP","Ian Roome","Liberal Democrat","ian.roome.mp@parliament.uk","LD gain from Con"
"E14001165","Chesterfield","3952","Mr Toby Perkins MP","Mr Toby Perkins","Labour","toby.perkins.mp@parliament.uk","Lab hold"
"E14001232","Exmouth and Exeter East","5347","David Reed MP","David Reed","Conservative","david.reed.mp@parliament.uk","Con hold"
"E14001231","Exeter","5064","Steve Race MP","Steve Race","Labour","steve.race.mp@parliament.uk","Lab hold"
"E14001437","Rayleigh and Wickford","1444","Rt Hon Mark Francois MP","Mr Mark Francois","Conservative","mark.francois.mp@parliament.uk","Con hold"
"E14001121","Braintree","4366","Rt Hon Sir James Cleverly MP","Sir James Cleverly","Conservative","james.cleverly.mp@parliament.uk","Con hold"
"E14001590","Witham","4066","Rt Hon Priti Patel MP","Priti Patel","Conservative","withammp@parliament.uk","Con hold"
"E14001212","East Grinstead and Uckfield","4513","Mims Davies MP","Mims Davies","Conservative","mims.davies.mp@parliament.uk","Con hold"
"E14001125","Brentwood and Ongar","4613","Alex Burghart MP","Alex Burghart","Conservative","alex.burghart.mp@parliament.uk","Con hold"
"E14001154","Castle Point","3948","Rebecca Harris MP","Rebecca Harris","Conservative","rebecca.harris.mp@parliament.uk","Con hold"
"E14001533","Sussex Weald","4460","Ms Nusrat Ghani MP","Ms Nusrat Ghani","Conservative","nusrat.ghani.mp@parliament.uk","Con hold"
"E14001226","Epping Forest","4853","Dr Neil Hudson MP","Dr Neil Hudson","Conservative","neil.hudson.mp@parliament.uk","Con hold"
"E14001552","Torridge and Tavistock","1508","Rt Hon Sir Geoffrey Cox KC MP","Sir Geoffrey Cox","Conservative","coxg@parliament.uk","Con hold"
"E14001330","Lewes","5265","James MacCleary MP","James MacCleary","Liberal Democrat","james.maccleary.mp@parliament.uk","LD gain from Con"
"E14001351","Maldon","39","Rt Hon Sir John Whittingdale MP","Sir John Whittingdale","Conservative","john.whittingdale.mp@parliament.uk","Con hold"
"E14001273","Harwich and North Essex","40","Sir Bernard Jenkin MP","Sir Bernard Jenkin","Conservative","bernard.jenkin.mp@parliament.uk","Con hold"
"E14001174","Clacton","5091","Nigel Farage MP","Nigel Farage","Reform UK","nigel.farage.mp@parliament.uk","RUK gain from Con"
"E14001402","North West Essex","4597","Rt Hon Kemi Badenoch MP","Mrs Kemi Badenoch","Conservative","kemi.badenoch.mp@parliament.uk","Con hold"
"E14001267","Harlow","5237","Chris Vince MP","Chris Vince","Labour (Co-op)","chris.vince.mp@parliament.uk","Lab gain from Con"
"E14001159","Chelmsford","5073","Marie Goldman MP","Marie Goldman","Liberal Democrat","marie.goldman.mp@parliament.uk","LD gain from Con"
"E14001088","Bexhill and Battle","4860","Dr Kieran Mullan MP","Dr Kieran Mullan","Conservative","kieran.mullan.mp@parliament.uk","Con hold"
"E14001077","Basildon and Billericay","4813","Rt Hon Richard Holden MP","Mr Richard Holden","Conservative","richard.holden.mp@parliament.uk","Con hold"
"E14001381","Newton Abbot","5111","Martin Wrigley MP","Martin Wrigley","Liberal Democrat","martin.wrigley.mp@parliament.uk","LD gain from Con"
"E14001176","Colchester","5042","Pam Cox MP","Pam Cox","Labour","pam.cox.mp@parliament.uk","Lab gain from Con"
"E14001219","Eastbourne","5086","Josh Babarinde MP","Josh Babarinde","Liberal Democrat","josh.babarinde.mp@parliament.uk","LD gain from Con"
"E14001274","Hastings and Rye","5192","Helena Dollimore MP","Helena Dollimore","Labour (Co-op)","helena.dollimore.mp@parliament.uk","Lab gain from Con"
"E14001374","New Forest West","55","Rt Hon Sir Desmond Swayne MP","Sir Desmond Swayne","Conservative","swayned@parliament.uk","Con hold"
"E14001373","New Forest East","54","Rt Hon Sir Julian Lewis MP","Sir Julian Lewis","Conservative","No email found","Con hold"
"E14001063","Aldershot","5173","Alex Baker MP","Alex Baker","Labour","alex.baker.mp@parliament.uk","Lab gain from Con"
"E14001403","North West Hampshire","4495","Rt Hon Kit Malthouse MP","Kit Malthouse","Conservative","kit.malthouse.mp@parliament.uk","Con hold"
"E14001252","Gosport","4008","Dame Caroline Dinenage MP","Dame Caroline Dinenage","Conservative","caroline.dinenage.mp@parliament.uk","Con hold"
"E14001220","Eastleigh","5040","Liz Jarvis MP","Liz Jarvis","Liberal Democrat","liz.jarvis.mp@parliament.uk","LD gain from Con"
"E14001587","Winchester","5304","Dr Danny Chambers MP","Dr Danny Chambers","Liberal Democrat","danny.chambers.mp@parliament.uk","LD gain from Con"
"E14001233","Fareham and Waterlooville","4475","Rt Hon Suella Braverman KC MP","Suella Braverman","Conservative","suella.braverman.mp@parliament.uk","Con hold"
"E14001214","East Hampshire","3969","Rt Hon Damian Hinds MP","Damian Hinds","Conservative","damian.hinds.mp@parliament.uk","Con hold"
"E14001386","North Cotswolds","249","Sir Geoffrey Clifton-Brown MP","Sir Geoffrey Clifton-Brown","Conservative","cliftonbrowng@parliament.uk","Con hold"
"E14001248","Gloucester","5349","Alex McIntyre MP","Alex McIntyre","Labour","alex.mcintyre.mp@parliament.uk","Lab gain from Con"
"E14001542","Tewkesbury","5354","Cameron Thomas MP","Cameron Thomas","Liberal Democrat","cameron.thomas.mp@parliament.uk","LD gain from Con"
"E14001263","Hamble Valley","4803","Paul Holmes MP","Paul Holmes","Conservative","paul.holmes.mp@parliament.uk","Con hold"
"E14001139","Broxbourne","5050","Lewis Cocking MP","Lewis Cocking","Conservative","lewis.cocking.mp@parliament.uk","Con hold"
"E14001240","Forest of Dean","5323","Matt Bishop MP","Matt Bishop","Labour","matt.bishop.mp@parliament.uk","Lab gain from Con"
"E14001234","Farnham and Bordon","5351","Gregory Stafford MP","Gregory Stafford","Conservative","greg.stafford.mp@parliament.uk","Con hold"
"E14001392","North East Hampshire","5263","Alex Brewer MP","Alex Brewer","Liberal Democrat","alex.brewer.mp@parliament.uk","LD gain from Con"
"E14001275","Havant","4484","Alan Mak MP","Alan Mak","Conservative","alan.mak.mp@parliament.uk","Con hold"
"E14001529","Stroud","5030","Dr Simon Opher MP","Dr Simon Opher","Labour","simon.opher.mp@parliament.uk","Lab gain from Con"
"E14001078","Basingstoke","5248","Luke Murphy MP","Luke Murphy","Labour","luke.murphy.mp@parliament.uk","Lab gain from Con"
"E14001161","Cheltenham","5055","Max Wilkinson MP","Max Wilkinson","Liberal Democrat","max.wilkinson.mp@parliament.uk","LD gain from Con"
"E14001278","Hemel Hempstead","5348","David Taylor MP","David Taylor","Labour","david.taylor.mp@parliament.uk","Lab gain from Con"
"E14001268","Harpenden and Berkhamsted","5201","Victoria Collins MP","Victoria Collins","Liberal Democrat","victoria.collins.mp@parliament.uk","LD gain from Con"
"E14001496","South West Hertfordshire","4804","Mr Gagan Mohindra MP","Mr Gagan Mohindra","Conservative","gagan.mohindra.mp@parliament.uk","Con hold"
"E14001284","Hertsmere","4441","Rt Hon Sir Oliver Dowden MP","Sir Oliver Dowden","Conservative","oliver.dowden.mp@parliament.uk","Con hold"
"E14001568","Watford","5130","Matt Turmaine MP","Matt Turmaine","Labour","matt.turmaine.mp@parliament.uk","Lab gain from Con"
"E14001254","Gravesham","5269","Dr Lauren Sullivan MP","Dr Lauren Sullivan","Labour","lauren.sullivan.mp@parliament.uk","Lab gain from Con"
"E14001069","Ashford","5247","Sojan Joseph MP","Sojan Joseph","Labour","sojan.joseph.mp@parliament.uk","Lab gain from Con"
"E14001555","Tunbridge Wells","5219","Mike Martin MP","Mike Martin","Liberal Democrat","mike.martin.mp@parliament.uk","LD gain from Con"
"E14001242","Fylde","5072","Mr Andrew Snowden MP","Mr Andrew Snowden","Conservative","andrew.snowden.mp@parliament.uk","Con hold"
"E14001393","North East Hertfordshire","5244","Chris Hinchliff MP","Chris Hinchliff","Independent","chris.hinchliff.mp@parliament.uk","Lab gain from Con"
"E14001151","Canterbury","4616","Rosie Duffield MP","Rosie Duffield","Independent","rosie.duffield.mp@parliament.uk","Lab hold"
"E14001570","Weald of Kent","5285","Katie Lam MP","Katie Lam","Conservative","katie.lam.mp@parliament.uk","Con hold"
"E14001516","Stevenage","5051","Kevin Bonavia MP","Kevin Bonavia","Labour","kevin.bonavia.mp@parliament.uk","Lab gain from Con"
"E14001349","Maidstone and Malling","4018","Helen Grant MP","Helen Grant","Conservative","helen.grant.mp@parliament.uk","Con hold"
"E14001549","Tonbridge","4462","Rt Hon Tom Tugendhat MP","Tom Tugendhat","Conservative","tom.tugendhat.mp@parliament.uk","Con hold"
"E14001282","Herne Bay and Sandwich","87","Rt Hon Sir Roger Gale MP","Sir Roger Gale","Conservative","galerj@parliament.uk","Con hold"
"E14001216","East Thanet","5123","Ms Polly Billington MP","Ms Polly Billington","Labour","polly.billington.mp@parliament.uk","Lab gain from Con"
"E14001474","Sittingbourne and Sheppey","5300","Kevin McKenna MP","Kevin McKenna","Labour","kevin.mckenna.mp@parliament.uk","Lab gain from Con"
"E14001235","Faversham and Mid Kent","4527","Helen Whately MP","Helen Whately","Conservative","helen.whately.mp@parliament.uk","Con hold"
"E14001202","Dover and Deal","5266","Mike Tapp MP","Mike Tapp","Labour","mike.tapp.mp@parliament.uk","Lab gain from Con"
"E14001170","Chorley","467","Rt Hon Sir Lindsay Hoyle MP","Sir Lindsay Hoyle","Speaker","lindsay.hoyle.mp@parliament.uk","Spk hold"
"E14001239","Folkestone and Hythe","5067","Tony Vaughan KC MP","Tony Vaughan","Labour","tony.vaughan.mp@parliament.uk","Lab gain from Con"
"E14001465","Sevenoaks","4780","Rt Hon Laura Trott MP","Laura Trott","Conservative","laura.trott.mp@parliament.uk","Con hold"
"E14001191","Dartford","5223","Jim Dickson MP","Jim Dickson","Labour","jim.dickson.mp@parliament.uk","Lab gain from Con"
"E14001299","Hyndburn","5117","Sarah Smith MP","Sarah Smith","Labour","sarah.smith.mp@parliament.uk","Lab gain from Con"
"E14001142","Burnley","5135","Oliver Ryan MP","Oliver Ryan","Independent","oliver.ryan.mp@parliament.uk","Lab gain from Con"
"E14001318","Lancaster and Wyre","4436","Cat Smith MP","Cat Smith","Labour","cat.smith.mp@parliament.uk","Lab gain from Con"
"E14001491","South Ribble","5074","Mr Paul Foster MP","Mr Paul Foster","Labour","paul.foster.mp@parliament.uk","Lab gain from Con"
"E14001422","Pendle and Clitheroe","5264","Jonathan Hinder MP","Jonathan Hinder","Labour","jonathan.hinder.mp@parliament.uk","Lab gain from Con"
"E14001266","Harborough, Oadby and Wigston","4679","Neil O'Brien MP","Neil O'Brien","Conservative","neil.obrien.mp@parliament.uk","Con hold"
"E14001443","Ribble Valley","5228","Maya Ellis MP","Maya Ellis","Labour","maya.ellis.mp@parliament.uk","Lab gain from Con"
"E14001488","South Leicestershire","4439","Alberto Costa MP","Alberto Costa","Conservative","alberto.costa.mp@parliament.uk","Con hold"
"E14001476","Sleaford and North Hykeham","4592","Dr Caroline Johnson MP","Dr Caroline Johnson","Conservative","caroline.johnson.mp@parliament.uk","Con hold"
"E14001336","Lincoln","5148","Mr Hamish Falconer MP","Mr Hamish Falconer","Labour","hamish.falconer.mp@parliament.uk","Lab gain from Con"
"E14001577","West Lancashire","4981","Ashley Dalton MP","Ashley Dalton","Labour","ashley.dalton.mp@parliament.uk","Lab hold"
"E14001404","North West Leicestershire","5149","Amanda Hack MP","Amanda Hack","Labour","amanda.hack.mp@parliament.uk","Lab gain from Con"
"E14001364","Mid Leicestershire","5330","Mr Peter Bedford MP","Mr Peter Bedford","Conservative","peter.bedford.mp@parliament.uk","Con hold"
"E14001343","Louth and Horncastle","4399","Rt Hon Victoria Atkins MP","Victoria Atkins","Conservative","victoria@victoriaatkins.org.uk","Con hold"
"E14001288","Hinckley and Bosworth","4781","Dr Luke Evans MP","Dr Luke Evans","Conservative","luke.evans.mp@parliament.uk","Con hold"
"E14001504","Southport","5052","Patrick Hurley MP","Patrick Hurley","Labour","patrick.hurley.mp@parliament.uk","Lab gain from Con"
"E14001253","Grantham and Bourne","4850","Gareth Davies MP","Gareth Davies","Conservative","gareth.davies.mp@parliament.uk","Con hold"
"E14001114","Boston and Skegness","5161","Richard Tice MP","Richard Tice","Reform UK","richard.tice.mp@parliament.uk","RUK gain from Con"
"E14001342","Loughborough","5259","Dr Jeevun Sandher MP","Dr Jeevun Sandher","Labour","jeevun.sandher.mp@parliament.uk","Lab gain from Con"
"E14001357","Melton and Syston","4362","Rt Hon Edward Argar MP","Edward Argar","Conservative","edward.argar.mp@parliament.uk","Con hold"
"E14001433","Preston","473","Sir Mark Hendrick MP","Sir Mark Hendrick","Labour (Co-op)","mark.hendrick.mp@parliament.uk","Lab hold"
"E14001487","South Holland and the Deepings","350","Rt Hon Sir John Hayes MP","Sir John Hayes","Conservative","davieshm@parliament.uk","Con hold"
"E14001569","Waveney Valley","5320","Adrian Ramsay MP","Adrian Ramsay","Green Party","adrian.ramsay.mp@parliament.uk","Green gain from Con"
"E14001489","South Norfolk","5205","Ben Goldsborough MP","Ben Goldsborough","Labour","ben.goldsborough.mp@parliament.uk","Lab gain from Con"
"E14001365","Mid Norfolk","4020","George Freeman MP","George Freeman","Conservative","george.freeman.mp@parliament.uk","Con hold"
"E14001409","Norwich South","4500","Clive Lewis MP","Clive Lewis","Labour","clive.lewis.mp@parliament.uk","Lab hold"
"E14001355","Mansfield","5194","Steve Yemm MP","Steve Yemm","Labour","steve.yemm.mp@parliament.uk","Lab gain from Con"
"E14001136","Broadland and Fakenham","4739","Jerome Mayhew MP","Jerome Mayhew","Conservative","jerome.mayhew.mp@parliament.uk","Con hold"
"E14001256","Great Yarmouth","5158","Rupert Lowe MP","Rupert Lowe","Independent","rupert.lowe.mp@parliament.uk","RUK gain from Con"
"E14001375","Newark","4320","Rt Hon Robert Jenrick MP","Robert Jenrick","Conservative","robert.jenrick.mp@parliament.uk","Con hold"
"E14001079","Bassetlaw","5105","Jo White MP","Jo White","Labour","jo.white.mp@parliament.uk","Lab gain from Con"
"E14001408","Norwich North","5133","Alice Macdonald MP","Alice Macdonald","Labour (Co-op)","alice.macdonald.mp@parliament.uk","Lab gain from Con"
"E14001245","Gedling","5146","Michael Payne MP","Michael Payne","Labour","michael.payne.mp@parliament.uk","Lab gain from Con"
"E14001497","South West Norfolk","5338","Terry Jermy MP","Terry Jermy","Labour","terry.jermy.mp@parliament.uk","Lab gain from Con"
"E14001471","Sherwood Forest","5226","Michelle Welsh MP","Michelle Welsh","Labour","michelle.welsh.mp@parliament.uk","Lab gain from Con"
"E14001072","Banbury","5328","Sean Woodcock MP","Sean Woodcock","Labour","sean.woodcock.mp@parliament.uk","Lab gain from Con"
"E14001457","Rushcliffe","5047","James Naish MP","James Naish","Labour","james.naish.mp@parliament.uk","Lab gain from Con"
"E14001068","Ashfield","4743","Lee Anderson MP","Lee Anderson","Reform UK","lee.anderson.mp@parliament.uk","RUK gain from Con"
"E14001140","Broxtowe","5058","Juliet Campbell MP","Juliet Campbell","Labour","juliet.campbell.mp@parliament.uk","Lab gain from Con"
"E14001396","North Norfolk","5164","Steff Aquarone MP","Steff Aquarone","Liberal Democrat","steff.aquarone.mp@parliament.uk","LD gain from Con"
"E14001405","North West Norfolk","4787","James Wild MP","James Wild","Conservative","james.wild.mp@parliament.uk","Con hold"
"E14001243","Gainsborough","345","Rt Hon Sir Edward Leigh MP","Sir Edward Leigh","Conservative","edward.leigh.mp@parliament.uk","Con hold"
"E14001316","Kingswinford and South Staffordshire","4384","Mike Wood MP","Mike Wood","Conservative","mike.wood.mp@parliament.uk","Con hold"
"E14001513","Stafford","5290","Leigh Ingham MP","Leigh Ingham","Labour","leigh.ingham.mp@parliament.uk","Lab gain from Con"
"E14001523","Stone, Great Wyrley and Penkridge","4108","Rt Hon Sir Gavin Williamson MP","Sir Gavin Williamson","Conservative","gavin.williamson.mp@parliament.uk","Con hold"
"E14001156","Central Suffolk and North Ipswich","5303","Patrick Spencer MP","Patrick Spencer","Independent","patrick.spencer.mp@parliament.uk","Con hold"
"E14001514","Staffordshire Moorlands","4110","Rt Hon Dame Karen Bradley MP","Dame Karen Bradley","Conservative","karen.bradley.mp@parliament.uk","Con hold"
"E14001227","Epsom and Ewell","5336","Helen Maguire MP","Helen Maguire","Liberal Democrat","helen.maguire.mp@parliament.uk","LD gain from Con"
"E14001335","Lichfield","5126","Dave Robertson MP","Dave Robertson","Labour","dave.robertson.mp@parliament.uk","Lab gain from Con"
"E14001280","Henley and Thame","5296","Freddie van Mierlo MP","Freddie van Mierlo","Liberal Democrat","freddie.vanmierlo.mp@parliament.uk","LD gain from Con"
"E14001538","Tamworth","5001","Sarah Edwards MP","Sarah Edwards","Labour","sarah.edwards.mp@parliament.uk","Lab gain from Con"
"E14001197","Didcot and Wantage","5318","Olly Glover MP","Olly Glover","Liberal Democrat","olly.glover.mp@parliament.uk","LD gain from Con"
"E14001146","Bury St Edmunds and Stowmarket","5163","Peter Prinsley MP","Peter Prinsley","Labour","peter.prinsley.mp@parliament.uk","Lab gain from Con"
"E14001258","Guildford","5313","Zöe Franklin MP","Zöe Franklin","Liberal Democrat","zoe.franklin.mp@parliament.uk","LD gain from Con"
"E14001420","Oxford West and Abingdon","4656","Layla Moran MP","Layla Moran","Liberal Democrat","layla.moran.mp@parliament.uk","LD hold"
"E14001591","Witney","5325","Charlie Maynard MP","Charlie Maynard","Liberal Democrat","charlie.maynard.mp@parliament.uk","LD gain from Con"
"E14001090","Bicester and Woodstock","5346","Calum Miller MP","Calum Miller","Liberal Democrat","calum.miller.mp@parliament.uk","LD gain from Con"
"E14001532","Surrey Heath","5288","Dr Al Pinkerton MP","Dr Al Pinkerton","Liberal Democrat","al.pinkerton.mp@parliament.uk","LD gain from Con"
"E14001380","Newcastle-under-Lyme","5168","Adam Jogee MP","Adam Jogee","Labour","adam.jogee.mp@parliament.uk","Lab gain from Con"
"E14001494","South Suffolk","4519","James Cartlidge MP","James Cartlidge","Conservative","james.cartlidge.mp@parliament.uk","Con hold"
"E14001201","Dorking and Horley","5198","Chris Coghlan MP","Chris Coghlan","Liberal Democrat","chris.coghlan.mp@parliament.uk","LD gain from Con"
"E14001215","East Surrey","4806","Rt Hon Claire Coutinho MP","Claire Coutinho","Conservative","claire.coutinho.mp@parliament.uk","Con hold"
"E14001442","Reigate","5297","Rebecca Paul MP","Rebecca Paul","Conservative","rebecca.paul.mp@parliament.uk","Con hold"
"E14001249","Godalming and Ash","1572","Rt Hon Sir Jeremy Hunt MP","Sir Jeremy Hunt","Conservative","huntj@parliament.uk","Con hold"
"E14001302","Ipswich","5131","Jack Abbott MP","Jack Abbott","Labour (Co-op)","jack.abbott.mp@parliament.uk","Lab gain from Con"
"E14001143","Burton and Uttoxeter","5077","Jacob Collier MP","Jacob Collier","Labour","jacob.collier.mp@parliament.uk","Lab gain from Con"
"E14001150","Cannock Chase","5034","Josh Newbury MP","Josh Newbury","Labour","josh.newbury.mp@parliament.uk","Lab gain from Con"
"E14001419","Oxford East","4657","Rt Hon Anneliese Dodds MP","Anneliese Dodds","Labour (Co-op)","anneliese.dodds.mp@parliament.uk","Lab hold"
"E14001456","Runnymede and Weybridge","4785","Dr Ben Spencer MP","Dr Ben Spencer","Conservative","ben.spencer.mp@parliament.uk","Con hold"
"E14001230","Esher and Walton","5299","Monica Harding MP","Monica Harding","Liberal Democrat","monica.harding.mp@parliament.uk","LD gain from Con"
"E14001592","Woking","5322","Mr Will Forster MP","Mr Will Forster","Liberal Democrat","will.forster.mp@parliament.uk","LD gain from Con"
"E14001413","Nuneaton","5036","Jodie Gosling MP","Jodie Gosling","Labour","jodie.gosling.mp@parliament.uk","Lab gain from Con"
"E14001400","North Warwickshire and Bedworth","5065","Rachel Taylor MP","Rachel Taylor","Labour","rachel.taylor.mp@parliament.uk","Lab gain from Con"
"E14001453","Rugby","5127","John Slinger MP","John Slinger","Labour","john.slinger.mp@parliament.uk","Lab gain from Con"
"E14001067","Arundel and South Downs","4874","Andrew Griffith MP","Andrew Griffith","Conservative","andrew.griffith.mp@parliament.uk","Con hold"
"E14001309","Kenilworth and Southam","1560","Rt Hon Sir Jeremy Wright KC MP","Sir Jeremy Wright","Conservative","jeremy.wright.mp@parliament.uk","Con hold"
"E14001218","East Worthing and Shoreham","5222","Tom Rutland MP","Tom Rutland","Labour","tom.rutland.mp@parliament.uk","Lab gain from Con"
"E14001108","Bognor Regis and Littlehampton","5203","Alison Griffiths MP","Alison Griffiths","Conservative","alison.griffiths.mp@parliament.uk","Con hold"
"E14001294","Horsham","5329","John Milne MP","John Milne","Liberal Democrat","john.milne.mp@parliament.uk","LD gain from Con"
"E14001166","Chichester","5335","Jess Brown-Fuller MP","Jess Brown-Fuller","Liberal Democrat","jess.brownfuller.mp@parliament.uk","LD gain from Con"
"E14001599","Worthing West","5307","Dr Beccy Cooper MP","Dr Beccy Cooper","Labour","beccy.cooper.mp@parliament.uk","Lab gain from Con"
"E14001138","Bromsgrove","5186","Bradley Thomas MP","Bradley Thomas","Conservative","bradley.thomas.mp@parliament.uk","Con hold"
"E14001579","West Worcestershire","4107","Dame Harriett Baldwin MP","Dame Harriett Baldwin","Conservative","harriett.baldwin.mp@parliament.uk","Con hold"
"E14001566","Warwick and Leamington","4617","Matt Western MP","Matt Western","Labour","matt.western.mp@parliament.uk","Lab hold"
"E14001526","Stratford-on-Avon","5122","Manuela Perteghella MP","Manuela Perteghella","Liberal Democrat","manuela.perteghella.mp@parliament.uk","LD gain from Con"
"E14001184","Crawley","5345","Peter Lamb MP","Peter Lamb","Labour","peter.lamb.mp@parliament.uk","Lab gain from Con"
"E14001366","Mid Sussex","5283","Alison Bennett MP","Alison Bennett","Liberal Democrat","alison.bennett.mp@parliament.uk","LD gain from Con"
"E14001505","Spelthorne","5332","Lincoln Jopp MP","Lincoln Jopp","Conservative","lincoln.jopp.mp@parliament.uk","Con hold"
"E14001415","Oldham East and Saddleworth","4212","Debbie Abrahams MP","Debbie Abrahams","Labour","abrahamsd@parliament.uk","Lab hold"
"E14001416","Oldham West, Chadderton and Royton","4569","Jim McMahon MP","Jim McMahon","Labour (Co-op)","jim.mcmahon.mp@parliament.uk","Lab hold"
"E14001352","Manchester Central","4263","Rt Hon Lucy Powell MP","Lucy Powell","Labour (Co-op)","contact@lucypowell.org.uk","Lab hold"
"E14001573","Welwyn Hatfield","5061","Andrew Lewin MP","Andrew Lewin","Labour","andrew.lewin.mp@parliament.uk","Lab gain from Con"
"E14001144","Bury North","4637","Mr James Frith MP","Mr James Frith","Labour","james.frith.mp@parliament.uk","Lab gain from Con"
"E14001598","Worsley and Eccles","5242","Michael Wheeler MP","Michael Wheeler","Labour","michael.wheeler.mp@parliament.uk","Lab hold"
"E14001459","Salford","4396","Rebecca Long Bailey MP","Rebecca Long Bailey","Labour","rebecca.longbailey.mp@parliament.uk","Lab hold"
"E14001145","Bury South","4871","Christian Wakeford MP","Christian Wakeford","Labour","christian.wakeford.mp@parliament.uk","Lab gain from Con"
"E14001203","Droitwich and Evesham","4407","Nigel Huddleston MP","Nigel Huddleston","Conservative","nigel.huddleston.mp@parliament.uk","Con hold"
"E14001353","Manchester Rusholme","4671","Afzal Khan MP","Afzal Khan","Labour","afzal.khan.mp@parliament.uk","Lab hold"
"E14001602","Wythenshawe and Sale East","4316","Mike Kane MP","Mike Kane","Labour","mike.kane.mp@parliament.uk","Lab hold"
"E14001251","Gorton and Denton","1506","Andrew Gwynne MP","Andrew Gwynne","Independent","gwynnea@parliament.uk","Lab hold"
"E14001103","Blackley and Middleton South","449","Graham Stringer MP","Graham Stringer","Labour","graham.stringer.mp@parliament.uk","Lab hold"
"E14001354","Manchester Withington","4456","Jeff Smith MP","Jeff Smith","Labour","jeff.smith.mp@parliament.uk","Lab hold"
"E14001344","Lowestoft","5156","Jess Asato MP","Jess Asato","Labour","jess.asato.mp@parliament.uk","Lab gain from Con"
"E14001530","Suffolk Coastal","5160","Jenny Riddell-Carpenter MP","Jenny Riddell-Carpenter","Labour","jenny.riddellcarpenter.mp@parliament.uk","Lab gain from Con"
"E14001601","Wyre Forest","4074","Mark Garnier MP","Mark Garnier","Conservative","mark.garnier.mp@parliament.uk","Con hold"
"E14001283","Hertford and Stortford","5187","Josh Dean MP","Josh Dean","Labour","josh.dean.mp@parliament.uk","Lab gain from Con"
"E14001111","Bolton South and Walkden","3924","Yasmin Qureshi MP","Yasmin Qureshi","Labour","yasmin.qureshi.mp@parliament.uk","Lab hold"
"E14001446","Rochdale","5071","Paul Waugh MP","Paul Waugh","Labour (Co-op)","paul.waugh.mp@parliament.uk","Lab hold"
"E14001286","Heywood and Middleton North","5084","Mrs Elsie Blundell MP","Mrs Elsie Blundell","Labour","elsie.blundell.mp@parliament.uk","Lab hold"
"E14001578","West Suffolk","5062","Nick Timothy MP","Nick Timothy","Conservative","nick.timothy.mp@parliament.uk","Con hold"
"E14001441","Redditch","5109","Chris Bloore MP","Chris Bloore","Labour","chris.bloore.mp@parliament.uk","Lab gain from Con"
"E14001158","Cheadle","5090","Tom Morrison MP","Tom Morrison","Liberal Democrat","tom.morrison.mp@parliament.uk","LD gain from Con"
"E14001507","St Albans","4769","Daisy Cooper MP","Daisy Cooper","Liberal Democrat","daisy.cooper.mp@parliament.uk","LD hold"
"E14001277","Hazel Grove","5070","Lisa Smart MP","Lisa Smart","Liberal Democrat","lisa.smart.mp@parliament.uk","LD gain from Con"
"E14001070","Ashton-under-Lyne","4356","Rt Hon Angela Rayner MP","Angela Rayner","Labour","angela.rayner.mp@parliament.uk","Lab hold"
"E14001597","Worcester","5087","Tom Collins MP","Tom Collins","Labour","tom.collins.mp@parliament.uk","Lab gain from Con"
"E14001110","Bolton North East","5095","Kirith Entwistle MP","Kirith Entwistle","Labour","kirith.entwistle.mp@parliament.uk","Lab gain from Con"
"E14001515","Stalybridge and Hyde","4119","Rt Hon Jonathan Reynolds MP","Jonathan Reynolds","Labour (Co-op)","jonathan.reynolds.mp@parliament.uk","Lab hold"
"E14001517","Stockport","4811","Navendu Mishra MP","Navendu Mishra","Labour","navendu.mishra.mp@parliament.uk","Lab hold"
"E14001112","Bolton West","5128","Phil Brickell MP","Phil Brickell","Labour","phil.brickell.mp@parliament.uk","Lab gain from Con"
"E14001378","Newcastle upon Tyne East and Wallsend","4126","Mary Glindon MP","Mary Glindon","Labour","mary.glindon.mp@parliament.uk","Lab hold"
"E14001377","Newcastle upon Tyne Central and West","4124","Dame Chi Onwurah MP","Dame Chi Onwurah","Labour","chi.onwurah.mp@parliament.uk","Lab hold"
"E14001379","Newcastle upon Tyne North","4125","Catherine McKinnell MP","Catherine McKinnell","Labour","catherine.mckinnell.mp@parliament.uk","Lab hold"
"E14001557","Tynemouth","529","Rt Hon Sir Alan Campbell MP","Sir Alan Campbell","Labour","alan.campbell.mp@parliament.uk","Lab hold"
"E14001113","Bootle","4397","Peter Dowd MP","Peter Dowd","Labour","peter.dowd.mp@parliament.uk","Lab hold"
"E14001451","Rother Valley","5082","Jake Richards MP","Jake Richards","Labour","jake.richards.mp@parliament.uk","Lab gain from Con"
"E14001492","South Shields","4277","Emma Lewell MP","Emma Lewell","Labour","emma.lewell.mp@parliament.uk","Lab hold"
"E14001307","Jarrow and Gateshead East","4783","Kate Osborne MP","Kate Osborne","Labour","kate.osborne.mp@parliament.uk","Lab hold"
"E14001337","Liverpool Garston","483","Rt Hon Maria Eagle MP","Maria Eagle","Labour","maria.eagle.mp@parliament.uk","Lab hold"
"E14001423","Penistone and Stocksbridge","5098","Dr Marie Tidball MP","Dr Marie Tidball","Labour","marie.tidball.mp@parliament.uk","Lab gain from Con"
"E14001350","Makerfield","5060","Josh Simons MP","Josh Simons","Labour","josh.simons.mp@parliament.uk","Lab hold"
"E14001340","Liverpool Wavertree","4828","Paula Barker MP","Paula Barker","Labour","paula.barker.mp@parliament.uk","Lab hold"
"E14001436","Rawmarsh and Conisbrough","400","Rt Hon John Healey MP","John Healey","Labour","john.healey.mp@parliament.uk","Lab hold"
"E14001075","Barnsley South","4607","Stephanie Peacock MP","Stephanie Peacock","Labour","stephanie.peacock.mp@parliament.uk","Lab hold"
"E14001452","Rotherham","4267","Sarah Champion MP","Sarah Champion","Labour","sarah.champion.mp@parliament.uk","Lab hold"
"E14001585","Wigan","4082","Rt Hon Lisa Nandy MP","Lisa Nandy","Labour","lisa.nandy.mp@parliament.uk","Lab hold"
"E14001469","Sheffield Heeley","4473","Rt Hon Louise Haigh MP","Louise Haigh","Labour","louise.haigh.mp@parliament.uk","Lab hold"
"E14001074","Barnsley North","4243","Dan Jarvis MP","Dan Jarvis","Labour","dan.jarvis.mp@parliament.uk","Lab hold"
"E14001329","Leigh and Atherton","4673","Jo Platt MP","Jo Platt","Labour (Co-op)","jo.platt.mp@parliament.uk","Lab gain from Con"
"E14001470","Sheffield South East","394","Mr Clive Betts MP","Mr Clive Betts","Labour","officeofclivebettsmp@parliament.uk","Lab hold"
"E14001463","Sefton Central","4061","Bill Esterson MP","Bill Esterson","Labour","bill.esterson.mp@parliament.uk","Lab hold"
"E14001341","Liverpool West Derby","4831","Ian Byrne MP","Ian Byrne","Labour","ian.byrne.mp@parliament.uk","Lab hold"
"E14001338","Liverpool Riverside","4824","Kim Johnson MP","Kim Johnson","Labour","kim.johnson.mp@parliament.uk","Lab hold"
"E14001467","Sheffield Central","5142","Abtisam Mohamed MP","Abtisam Mohamed","Labour","abtisam.mohamed.mp@parliament.uk","Lab hold"
"E14001339","Liverpool Walton","4651","Dan Carden MP","Dan Carden","Labour","dan.carden.mp@parliament.uk","Lab hold"
"E14001466","Sheffield Brightside and Hillsborough","4571","Gill Furniss MP","Gill Furniss","Labour","gill.furniss.mp@parliament.uk","Lab hold"
"E14001200","Doncaster North","1510","Rt Hon Ed Miliband MP","Ed Miliband","Labour","ed.miliband.mp@parliament.uk","Lab hold"
"E14001468","Sheffield Hallam","4864","Olivia Blake MP","Olivia Blake","Labour","olivia.blake.mp@parliament.uk","Lab hold"
"E14001198","Doncaster Central","5178","Sally Jameson MP","Sally Jameson","Labour (Co-op)","sally.jameson.mp@parliament.uk","Lab hold"
"E14001509","St Helens North","5092","David Baines MP","David Baines","Labour","david.baines.mp@parliament.uk","Lab hold"
"E14001510","St Helens South and Whiston","4457","Ms Marie Rimmer MP","Ms Marie Rimmer","Labour","marie.rimmer.mp@parliament.uk","Lab hold"
"E14001065","Altrincham and Sale West","5159","Mr Connor Rand MP","Mr Connor Rand","Labour","connor.rand.mp@parliament.uk","Lab gain from Con"
"E14001561","Wallasey","491","Dame Angela Eagle MP","Dame Angela Eagle","Labour","eaglea@parliament.uk","Lab hold"
"E14001528","Stretford and Urmston","4979","Andrew Western MP","Andrew Western","Labour","andrew.western.mp@parliament.uk","Lab hold"
"E14001317","Knowsley","5038","Anneliese Midgley MP","Anneliese Midgley","Labour","anneliese.midgley.mp@parliament.uk","Lab hold"
"E14001589","Wirral West","5162","Matthew Patrick MP","Matthew Patrick","Labour","matthew.patrick.mp@parliament.uk","Lab hold"
"E14001091","Birkenhead","4083","Alison McGovern MP","Alison McGovern","Labour","alison.mcgovern.mp@parliament.uk","Lab hold"
"E14001562","Walsall and Bloxwich","4076","Rt Hon Valerie Vaz MP","Valerie Vaz","Labour","valerie.vaz.mp@parliament.uk","Lab gain from Con"
"E14001064","Aldridge-Brownhills","4358","Rt Hon Wendy Morton MP","Wendy Morton","Conservative","wendy.morton.mp@parliament.uk","Con hold"
"E14001093","Birmingham Erdington","4938","Paulette Hamilton MP","Paulette Hamilton","Labour","paulette.hamilton.mp@parliament.uk","Lab hold"
"E14001428","Pontefract, Castleford and Knottingley","420","Rt Hon Yvette Cooper MP","Yvette Cooper","Labour","coopery@parliament.uk","Lab hold"
"E14001181","Coventry North West","4779","Taiwo Owatemi MP","Taiwo Owatemi","Labour","taiwo.owatemi.mp@parliament.uk","Lab hold"
"E14001594","Wolverhampton North East","5152","Mrs Sureena Brackenridge MP","Mrs Sureena Brackenridge","Labour","sureena.brackenridge.mp@parliament.uk","Lab gain from Con"
"E14001595","Wolverhampton South East","1587","Rt Hon Pat McFadden MP","Pat McFadden","Labour","mcfaddenp@parliament.uk","Lab hold"
"E14001596","Wolverhampton West","5230","Warinder Juss","Warinder Juss","Labour","warinder.juss.mp@parliament.uk","Lab gain from Con"
"E14001472","Shipley","5281","Anna Dixon MP","Anna Dixon","Labour","anna.dixon.mp@parliament.uk","Lab gain from Con"
"E14001118","Bradford East","4394","Imran Hussain MP","Imran Hussain","Labour","imran.hussain.mp@parliament.uk","Lab hold"
"E14001119","Bradford South","4391","Judith Cummins MP","Judith Cummins","Labour","judith.cummins.mp@parliament.uk","Lab hold"
"E14001120","Bradford West","4409","Naz Shah MP","Naz Shah","Labour","naz.shah.mp@parliament.uk","Lab hold"
"E14001308","Keighley and Ilkley","4861","Robbie Moore MP","Robbie Moore","Conservative","robbie.moore.mp@parliament.uk","Con hold"
"E14001177","Colne Valley","5317","Paul Davies MP","Paul Davies","Labour","paul.davies.mp@parliament.uk","Lab gain from Con"
"E14001547","Tipton and Wednesbury","5048","Antonia Bance MP","Antonia Bance","Labour","antonia.bance.mp@parliament.uk","Lab gain from Con"
"E14001297","Huddersfield","5289","Harpreet Uppal MP","Harpreet Uppal","Labour","harpreet.uppal.mp@parliament.uk","Lab hold"
"E14001094","Birmingham Hall Green and Moseley","4747","Tahir Ali MP","Tahir Ali","Labour","tahir.ali.mp@parliament.uk","Lab hold"
"E14001574","West Bromwich","5088","Sarah Coombes MP","Sarah Coombes","Labour","sarah.coombes.mp@parliament.uk","Lab gain from Con"
"E14001180","Coventry East","1579","Mary Creagh MP","Mary Creagh","Labour","mary.creagh.mp@parliament.uk","Lab hold"
"E14001531","Sunderland Central","5028","Lewis Atkinson MP","Lewis Atkinson","Labour","lewis.atkinson.mp@parliament.uk","Lab hold"
"E14001182","Coventry South","4786","Zarah Sultana MP","Zarah Sultana","Independent","zarah.sultana.mp@parliament.uk","Lab hold"
"E14001383","Normanton and Hemsworth","410","Jon Trickett MP","Jon Trickett","Labour","trickettj@parliament.uk","Lab hold"
"E14001098","Birmingham Perry Barr","5357","Ayoub Khan MP","Ayoub Khan","Independent","ayoub.khan.mp@parliament.uk","Ind gain from Lab"
"E14001567","Washington and Gateshead South","1521","Mrs Sharon Hodgson MP","Mrs Sharon Hodgson","Labour","sharon.hodgson.mp@parliament.uk","Lab hold"
"E14001196","Dewsbury and Batley","5268","Iqbal Mohamed MP","Iqbal Mohamed","Independent","iqbal.mohamed.mp@parliament.uk","Ind gain from Lab"
"E14001560","Wakefield and Rothwell","4943","Simon Lightwood MP","Simon Lightwood","Labour (Co-op)","simon.lightwood.mp@parliament.uk","Lab gain from Con"
"E14001295","Houghton and Sunderland South","4046","Rt Hon Bridget Phillipson MP","Bridget Phillipson","Labour","bridget.phillipson.mp@parliament.uk","Lab hold"
"E14001147","Calder Valley","5295","Josh Fenton-Glynn MP","Josh Fenton-Glynn","Labour","josh.fentonglynn.mp@parliament.uk","Lab gain from Con"
"E14001262","Halifax","5224","Kate Dearden MP","Kate Dearden","Labour (Co-op)","kate.dearden.mp@parliament.uk","Lab hold"
"E14001506","Spen Valley","4923","Kim Leadbeater MP","Kim Leadbeater","Labour","kim.leadbeater.mp@parliament.uk","Lab gain from Con"
"E14001418","Ossett and Denby Dale","5236","Jade Botterill MP","Jade Botterill","Labour","jade.botterill.mp@parliament.uk","Lab gain from Con"
"E14001325","Leeds West and Pudsey","4031","Rt Hon Rachel Reeves MP","Rachel Reeves","Labour","rachel.reeves.mp@parliament.uk","Lab hold"
"E14001323","Leeds South","413","Rt Hon Hilary Benn MP","Hilary Benn","Labour","boxj@parliament.uk","Lab hold"
"E14001099","Birmingham Selly Oak","5235","Al Carns MP","Al Carns","Labour","al.carns.mp@parliament.uk","Lab hold"
"E14001478","Smethwick","5059","Gurinder Singh Josan MP","Gurinder Singh Josan","Labour","gurinder.josan.mp@parliament.uk","Lab hold"
"E14001095","Birmingham Hodge Hill and Solihull North","1171","Rt Hon Liam Byrne MP","Liam Byrne","Labour","liam.byrne.mp@parliament.uk","Lab hold"
"E14001324","Leeds South West and Morley","5166","Mark Sewards MP","Mark Sewards","Labour","mark.sewards.mp@parliament.uk","Lab gain from Con"
"E14001092","Birmingham Edgbaston","4603","Preet Kaur Gill MP","Preet Kaur Gill","Labour (Co-op)","preet.gill.mp@parliament.uk","Lab hold"
"E14001261","Halesowen","5238","Alex Ballinger MP","Alex Ballinger","Labour","alex.ballinger.mp@parliament.uk","Lab gain from Con"
"E14001524","Stourbridge","5293","Cat Eccles MP","Cat Eccles","Labour","cat.eccles.mp@parliament.uk","Lab gain from Con"
"E14001204","Dudley","5274","Sonia Kumar MP","Sonia Kumar","Labour","sonia.kumar.mp@parliament.uk","Lab gain from Con"
"E14001321","Leeds North East","415","Fabian Hamilton MP","Fabian Hamilton","Labour","fabian.hamilton.mp@parliament.uk","Lab hold"
"E14001097","Birmingham Northfield","5234","Laurence Turner MP","Laurence Turner","Labour","laurence.turner.mp@parliament.uk","Lab gain from Con"
"E14001172","Cities of London and Westminster","5257","Rachel Blake MP","Rachel Blake","Labour (Co-op)","rachel.blake.mp@parliament.uk","Lab gain from Con"
"E14001096","Birmingham Ladywood","3914","Rt Hon Shabana Mahmood KC MP","Shabana Mahmood","Labour","shabana.mahmood.mp@parliament.uk","Lab hold"
"E14001320","Leeds East","4493","Richard Burgon MP","Richard Burgon","Labour","richard@richardburgon.com","Lab hold"
"E14001535","Sutton Coldfield","1211","Rt Hon Sir Andrew Mitchell MP","Sir Andrew Mitchell","Conservative","andrew.mitchell.mp@parliament.uk","Con hold"
"E14001322","Leeds North West","5260","Katie White MP","Katie White","Labour","katie.white.mp@parliament.uk","Lab gain from Con"
"E14001358","Meriden and Solihull East","4818","Saqib Bhatti MP","Saqib Bhatti","Conservative","saqib.bhatti@parliament.uk","Con hold"
"E14001479","Solihull West and Shirley","5197","Dr Neil Shastri-Hurst MP","Dr Neil Shastri-Hurst","Conservative","neil.shastrihurst.mp@parliament.uk","Con hold"
"E14001100","Birmingham Yardley","4370","Jess Phillips MP","Jess Phillips","Labour","jess.phillips.mp@parliament.uk","Lab hold"
"E14001244","Gateshead Central and Whickham","5031","Mark Ferguson MP","Mark Ferguson","Labour","mark.ferguson.mp@parliament.uk","Lab hold"
"E14001319","Leeds Central and Headingley","4658","Alex Sobel MP","Alex Sobel","Labour (Co-op)","alex.sobel.mp@parliament.uk","Lab hold"
"E14001276","Hayes and Harlington","178","Rt Hon John McDonnell MP","John McDonnell","Independent","mcdonnellj@parliament.uk","Lab hold"
"E14001221","Edmonton and Winchmore Hill","4515","Kate Osamor MP","Kate Osamor","Labour (Co-op)","kate.osamor.mp@parliament.uk","Lab hold"
"E14001553","Tottenham","206","Rt Hon David Lammy MP","Mr David Lammy","Labour","david.lammy.mp@parliament.uk","Lab hold"
"E14001169","Chipping Barnet","5282","Dan Tomlinson MP","Dan Tomlinson","Labour","dan.tomlinson.mp@parliament.uk","Lab gain from Con"
"E14001260","Hackney South and Shoreditch","1524","Dame Meg Hillier MP","Dame Meg Hillier","Labour (Co-op)","meghilliermp@parliament.uk","Lab hold"
"E14001292","Hornchurch and Upminster","4647","Julia Lopez MP","Julia Lopez","Conservative","julia.lopez.mp@parliament.uk","Con hold"
"E14001279","Hendon","5360","David Pinto-Duschinsky MP","David Pinto-Duschinsky","Labour","david.pintoduschinsky.mp@parliament.uk","Lab gain from Con"
"E14001259","Hackney North and Stoke Newington","172","Rt Hon Diane Abbott MP","Ms Diane Abbott","Independent","diane.abbott.office@parliament.uk","Lab hold"
"E14001448","Romford","1447","Andrew Rosindell MP","Andrew Rosindell","Conservative","andrew.rosindell.mp@parliament.uk","Con hold"
"E14001238","Finchley and Golders Green","5204","Sarah Sackman MP","Sarah Sackman","Labour","sarah.sackman.mp@parliament.uk","Lab gain from Con"
"E14001189","Dagenham and Rainham","5272","Margaret Mullane MP","Margaret Mullane","Labour","margaret.mullane.mp@parliament.uk","Lab hold"
"E14001225","Enfield North","4822","Feryal Clark MP","Feryal Clark","Labour","feryal.clark.mp@parliament.uk","Lab hold"
"E14001503","Southgate and Wood Green","4610","Bambos Charalambous MP","Bambos Charalambous","Labour","bambos.charalambous.mp@parliament.uk","Lab hold"
"E14001293","Hornsey and Friern Barnet","4523","Catherine West MP","Catherine West","Labour","catherine.west.mp@parliament.uk","Lab hold"
"E14001209","Ealing Southall","5075","Deirdre Costigan MP","Deirdre Costigan","Labour","deirdre.costigan.mp@parliament.uk","Lab hold"
"E14001207","Ealing Central and Acton","4511","Dr Rupa Huq MP","Dr Rupa Huq","Labour","rupa.huq.mp@parliament.uk","Lab hold"
"E14001208","Ealing North","4797","James Murray MP","James Murray","Labour (Co-op)","james.murray.mp@parliament.uk","Lab hold"
"E14001188","Croydon West","4631","Sarah Jones MP","Sarah Jones","Labour","sarah.jones.mp@parliament.uk","Lab hold"
"E14001186","Croydon East","5119","Natasha Irons MP","Natasha Irons","Labour","natasha.irons.mp@parliament.uk","Lab hold"
"E14001527","Streatham and Croydon North","4268","Rt Hon Steve Reed MP","Steve Reed","Labour (Co-op)","steve.reed.mp@parliament.uk","Lab hold"
"E14001187","Croydon South","4503","Rt Hon Chris Philp MP","Chris Philp","Conservative","chris.philp.mp@parliament.uk","Con hold"
"E14001122","Brent East","1489","Dawn Butler MP","Dawn Butler","Labour","dawn.butler.mp@parliament.uk","Lab hold"
"E14001123","Brent West","146","Barry Gardiner MP","Barry Gardiner","Labour","barry.gardiner.mp@parliament.uk","Lab hold"
"E14001089","Bexleyheath and Crayford","5184","Daniel Francis MP","Daniel Francis","Labour","daniel.francis.mp@parliament.uk","Lab gain from Con"
"E14001229","Erith and Thamesmead","4820","Ms Abena Oppong-Asare MP","Ms Abena Oppong-Asare","Labour","abena.oppongasare.mp@parliament.uk","Lab hold"
"E14001414","Old Bexley and Sidcup","4932","Mr Louie French MP","Mr Louie French","Conservative","louie.french.mp@parliament.uk","Con hold"
"E14001073","Barking","5180","Nesil Caliskan MP","Nesil Caliskan","Labour","nesil.caliskan.mp@parliament.uk","Lab hold"
"E14001083","Beckenham and Penge","5132","Liam Conlon MP","Liam Conlon","Labour","liam.conlon.mp@parliament.uk","Lab hold"
"E14001454","Ruislip, Northwood and Pinner","4872","David Simmonds MP","David Simmonds","Conservative","david.simmonds.mp@parliament.uk","Con hold"
"E14001270","Harrow East","4005","Bob Blackman MP","Bob Blackman","Conservative","bob.blackman.mp@parliament.uk","Con hold"
"E14001137","Bromley and Biggin Hill","5209","Peter Fortune MP","Peter Fortune","Conservative","peter.fortune.mp@parliament.uk","Con hold"
"E14001558","Uxbridge and South Ruislip","5339","Danny Beales MP","Danny Beales","Labour","danny.beales.mp@parliament.uk","Lab gain from Con"
"E14001417","Orpington","4798","Gareth Bacon MP","Gareth Bacon","Conservative","gareth.bacon.mp@parliament.uk","Con hold"
"E14001223","Eltham and Chislehurst","165","Clive Efford MP","Clive Efford","Labour","clive.efford.mp@parliament.uk","Lab gain from Con"
"E14001265","Hampstead and Highgate","4518","Tulip Siddiq MP","Tulip Siddiq","Labour","tulip.siddiq.mp@parliament.uk","Lab hold"
"E14001264","Hammersmith and Chiswick","1516","Andy Slaughter MP","Andy Slaughter","Labour","slaughtera@parliament.uk","Lab hold"
"E14001160","Chelsea and Fulham","5344","Ben Coleman MP","Ben Coleman","Labour","ben.coleman.mp@parliament.uk","Lab gain from Con"
"E14001306","Islington South and Finsbury","1536","Rt Hon Emily Thornberry MP","Emily Thornberry","Labour","emily.thornberry.mp@parliament.uk","Lab hold"
"E14001435","Queen's Park and Maida Vale","5305","Georgia Gould MP","Georgia Gould","Labour","georgia.gould.mp@parliament.uk","Lab hold"
"E14001271","Harrow West","177","Gareth Thomas MP","Gareth Thomas","Labour (Co-op)","gareth.thomas.mp@parliament.uk","Lab hold"
"E14001257","Greenwich and Woolwich","4520","Matthew Pennycook MP","Matthew Pennycook","Labour","matthew.pennycook.mp@parliament.uk","Lab hold"
"E14001301","Ilford South","5227","Jas Athwal MP","Jas Athwal","Labour","jas.athwal.mp@parliament.uk","Lab hold"
"E14001236","Feltham and Heston","4253","Seema Malhotra MP","Seema Malhotra","Labour (Co-op)","seema.malhotra.mp@parliament.uk","Lab hold"
"E14001124","Brentford and Isleworth","4389","Ruth Cadbury MP","Ruth Cadbury","Labour","ruthcadburymp@parliament.uk","Lab hold"
"E14001290","Holborn and St Pancras","4514","Rt Hon Sir Keir Starmer MP","Sir Keir Starmer","Labour","keir.starmer.mp@parliament.uk","Lab hold"
"E14001305","Islington North","185","Rt Hon Jeremy Corbyn MP","Jeremy Corbyn","Independent","jeremy.corbyn.mp@parliament.uk","Ind gain from Lab"
"E14001576","West Ham and Beckton","5211","James Asser MP","James Asser","Labour","james.asser.mp@parliament.uk","Lab hold"
"E14001213","East Ham","163","Rt Hon Sir Stephen Timms MP","Sir Stephen Timms","Labour","timmss@parliament.uk","Lab hold"
"E14001525","Stratford and Bow","5278","Uma Kumaran MP","Uma Kumaran","Labour","uma.kumaran.mp@parliament.uk","Lab hold"
"E14001586","Wimbledon","5321","Mr Paul Kohler MP","Mr Paul Kohler","Liberal Democrat","paul.kohler.mp@parliament.uk","LD gain from Con"
"E14001300","Ilford North","4504","Rt Hon Wes Streeting MP","Wes Streeting","Labour","wes.streeting.mp@parliament.uk","Lab hold"
"E14001167","Chingford and Woodford Green","152","Rt Hon Sir Iain Duncan Smith MP","Sir Iain Duncan Smith","Conservative","iain.duncansmith.mp@parliament.uk","Con hold"
"E14001334","Leyton and Wanstead","5054","Mr Calvin Bailey MP","Mr Calvin Bailey","Labour","calvin.bailey.mp@parliament.uk","Lab hold"
"E14001445","Richmond Park","4591","Sarah Olney MP","Sarah Olney","Liberal Democrat","sarah.olney.mp@parliament.uk","LD hold"
"E14001556","Twickenham","4776","Munira Wilson MP","Munira Wilson","Liberal Democrat","munira.wilson.mp@parliament.uk","LD hold"
"E14001085","Bermondsey and Old Southwark","4368","Neil Coyle MP","Neil Coyle","Labour","neil.coyle.mp@parliament.uk","Lab hold"
"E14001559","Vauxhall and Camberwell Green","4870","Florence Eshalomi MP","Florence Eshalomi","Labour (Co-op)","florence.eshalomi.mp@parliament.uk","Lab hold"
"E14001205","Dulwich and West Norwood","4510","Helen Hayes MP","Helen Hayes","Labour","helen.hayes.mp@parliament.uk","Lab hold"
"E14001081","Battersea","4676","Marsha De Cordova MP","Marsha De Cordova","Labour","marsha.decordova.mp@parliament.uk","Lab hold"
"E14001333","Lewisham West and East Dulwich","4620","Rt Hon Ellie Reeves MP","Ellie Reeves","Labour","ellie.reeves.mp@parliament.uk","Lab hold"
"E14001430","Poplar and Limehouse","4790","Apsana Begum MP","Apsana Begum","Independent","apsana.begum.mp@parliament.uk","Lab hold"
"E14001312","Kingston and Surbiton","188","Rt Hon Ed Davey MP","Ed Davey","Liberal Democrat","edward.davey.mp@parliament.uk","LD hold"
"E14001331","Lewisham East","4698","Janet Daby MP","Janet Daby","Labour","janet.daby.mp@parliament.uk","Lab hold"
"E14001550","Tooting","4573","Dr Rosena Allin-Khan MP","Dr Rosena Allin-Khan","Labour","rosena.allinkhan.mp@parliament.uk","Lab hold"
"E14001310","Kensington and Bayswater","5229","Joe Powell MP","Joe Powell","Labour","joe.powell.mp@parliament.uk","Lab hold"
"E14001434","Putney","4788","Fleur Anderson MP","Fleur Anderson","Labour","fleur.anderson.mp@parliament.uk","Lab hold"
"E14001332","Lewisham North","4491","Vicky Foxcroft MP","Vicky Foxcroft","Labour","vicky.foxcroft.mp@parliament.uk","Lab hold"
"E14001086","Bethnal Green and Stepney","4138","Rushanara Ali MP","Rushanara Ali","Labour","rushanara.ali.mp@parliament.uk","Lab hold"
"E14001421","Peckham","5099","Miatta Fahnbulleh MP","Miatta Fahnbulleh","Labour (Co-op)","miatta.fahnbulleh.mp@parliament.uk","Lab hold"
"E14001563","Walthamstow","4088","Ms Stella Creasy MP","Ms Stella Creasy","Labour (Co-op)","stella.creasy.mp@parliament.uk","Lab hold"
"E14001175","Clapham and Brixton Hill","4764","Bell Ribeiro-Addy MP","Bell Ribeiro-Addy","Labour","bell.ribeiroaddy.mp@parliament.uk","Lab hold"
"E14001371","Mitcham and Morden","193","Dame Siobhain McDonagh MP","Dame Siobhain McDonagh","Labour","mcdonaghs@parliament.uk","Lab hold"
"E14001534","Sutton and Cheam","5103","Luke Taylor MP","Luke Taylor","Liberal Democrat","luke.taylor.mp@parliament.uk","LD gain from Con"
"E14001153","Carshalton and Wallington","5083","Bobby Dean MP","Bobby Dean","Liberal Democrat","bobby.dean.mp@parliament.uk","LD gain from Con"
